{"initial_reset_timestamp": 1726500557.6040435, "timestamps": [1726500557.938299], "episode_lengths": [19], "episode_rewards": [19.0], "episode_types": ["t"]}